<?xml version="1.0" encoding="UTF-8"?>
<project name="module_moogle" default="compile.module.moogle">
  <dirname property="module.moogle.basedir" file="${ant.file.module_moogle}"/>
  
  <property name="module.jdk.home.moogle" value="${project.jdk.home}"/>
  <property name="module.jdk.bin.moogle" value="${project.jdk.bin}"/>
  <property name="module.jdk.classpath.moogle" value="${project.jdk.classpath}"/>
  
  <property name="compiler.args.moogle" value="-encoding UTF-8 -source 1.8 -target 1.8 ${compiler.args}"/>
  
  <property name="moogle.output.dir" value="${module.moogle.basedir}/bin"/>
  <property name="moogle.testoutput.dir" value="${module.moogle.basedir}/bin"/>
  
  <path id="moogle.module.bootclasspath">
    <!-- Paths to be included in compilation bootclasspath -->
  </path>
  
  <path id="moogle.module.production.classpath">
    <path refid="${module.jdk.classpath.moogle}"/>
    <pathelement location="${basedir}/apacheds-all-1.5.5.jar"/>
    <pathelement location="${basedir}/org.apache.servicemix.bundles.commons-io-1.3.2_1.jar"/>
    <pathelement location="${basedir}/commons-io-1.2.jar"/>
    <pathelement location="${basedir}/commons-io-1.3.2.jar"/>
    <path refid="library.commons-io-1.3.2.classpath"/>
    <pathelement location="${basedir}/lib/commons-io-2.4.jar"/>
  </path>
  
  <path id="moogle.runtime.production.module.classpath">
    <pathelement location="${moogle.output.dir}"/>
    <pathelement location="${basedir}/apacheds-all-1.5.5.jar"/>
    <pathelement location="${basedir}/org.apache.servicemix.bundles.commons-io-1.3.2_1.jar"/>
    <pathelement location="${basedir}/commons-io-1.2.jar"/>
    <pathelement location="${basedir}/commons-io-1.3.2.jar"/>
    <path refid="library.commons-io-1.3.2.classpath"/>
    <pathelement location="${basedir}/lib/commons-io-2.4.jar"/>
  </path>
  
  <path id="moogle.module.classpath">
    <pathelement location="${moogle.output.dir}"/>
    <path refid="${module.jdk.classpath.moogle}"/>
    <pathelement location="${basedir}/apacheds-all-1.5.5.jar"/>
    <pathelement location="${basedir}/org.apache.servicemix.bundles.commons-io-1.3.2_1.jar"/>
    <pathelement location="${basedir}/commons-io-1.2.jar"/>
    <pathelement location="${basedir}/commons-io-1.3.2.jar"/>
    <path refid="library.commons-io-1.3.2.classpath"/>
    <pathelement location="${basedir}/lib/commons-io-2.4.jar"/>
  </path>
  
  <path id="moogle.runtime.module.classpath">
    <pathelement location="${moogle.output.dir}"/>
    <pathelement location="${basedir}/apacheds-all-1.5.5.jar"/>
    <pathelement location="${basedir}/org.apache.servicemix.bundles.commons-io-1.3.2_1.jar"/>
    <pathelement location="${basedir}/commons-io-1.2.jar"/>
    <pathelement location="${basedir}/commons-io-1.3.2.jar"/>
    <path refid="library.commons-io-1.3.2.classpath"/>
    <pathelement location="${basedir}/lib/commons-io-2.4.jar"/>
  </path>
  
  
  <patternset id="excluded.from.module.moogle">
    <patternset refid="ignored.files"/>
  </patternset>
  
  <patternset id="excluded.from.compilation.moogle">
    <patternset refid="excluded.from.module.moogle"/>
  </patternset>
  
  <path id="moogle.module.sourcepath">
    <dirset dir="${module.moogle.basedir}">
      <include name="src"/>
    </dirset>
  </path>
  
  
  <target name="compile.module.moogle" depends="compile.module.moogle.production,compile.module.moogle.tests" description="Compile module Moogle"/>
  
  <target name="compile.module.moogle.production" depends="register.custom.compilers" description="Compile module Moogle; production classes">
    <mkdir dir="${moogle.output.dir}"/>
    <javac2 destdir="${moogle.output.dir}" debug="${compiler.debug}" nowarn="${compiler.generate.no.warnings}" memorymaximumsize="${compiler.max.memory}" fork="true" executable="${module.jdk.bin.moogle}/javac">
      <compilerarg line="${compiler.args.moogle}"/>
      <bootclasspath refid="moogle.module.bootclasspath"/>
      <classpath refid="moogle.module.production.classpath"/>
      <src refid="moogle.module.sourcepath"/>
      <patternset refid="excluded.from.compilation.moogle"/>
    </javac2>
    
    <copy todir="${moogle.output.dir}">
      <fileset dir="${module.moogle.basedir}/src">
        <patternset refid="compiler.resources"/>
        <type type="file"/>
      </fileset>
    </copy>
  </target>
  
  <target name="compile.module.moogle.tests" depends="register.custom.compilers,compile.module.moogle.production" description="compile module Moogle; test classes" unless="skip.tests"/>
  
  <target name="clean.module.moogle" description="cleanup module">
    <delete dir="${moogle.output.dir}"/>
    <delete dir="${moogle.testoutput.dir}"/>
  </target>
</project>