<?xml version="1.0" encoding="UTF-8"?>
<project name="moogle" default="all">
  
  
  <property file="moogle.properties"/>
  <!-- Uncomment the following property if no tests compilation is needed -->
  <!-- 
  <property name="skip.tests" value="true"/>
   -->
  
  <!-- Compiler options -->
  
  <property name="compiler.debug" value="on"/>
  <property name="compiler.generate.no.warnings" value="off"/>
  <property name="compiler.args" value=""/>
  <property name="compiler.max.memory" value="700m"/>
  <patternset id="ignored.files">
    <exclude name="**/*.hprof/**"/>
    <exclude name="**/*.pyc/**"/>
    <exclude name="**/*.pyo/**"/>
    <exclude name="**/*.rbc/**"/>
    <exclude name="**/*.yarb/**"/>
    <exclude name="**/*~/**"/>
    <exclude name="**/.DS_Store/**"/>
    <exclude name="**/.git/**"/>
    <exclude name="**/.hg/**"/>
    <exclude name="**/.svn/**"/>
    <exclude name="**/CVS/**"/>
    <exclude name="**/__pycache__/**"/>
    <exclude name="**/_svn/**"/>
    <exclude name="**/vssver.scc/**"/>
    <exclude name="**/vssver2.scc/**"/>
  </patternset>
  <patternset id="library.patterns">
    <include name="*.egg"/>
    <include name="*.jar"/>
    <include name="*.ear"/>
    <include name="*.swc"/>
    <include name="*.war"/>
    <include name="*.zip"/>
    <include name="*.ane"/>
  </patternset>
  <patternset id="compiler.resources">
    <exclude name="**/?*.java"/>
    <exclude name="**/?*.form"/>
    <exclude name="**/?*.class"/>
    <exclude name="**/?*.groovy"/>
    <exclude name="**/?*.scala"/>
    <exclude name="**/?*.flex"/>
    <exclude name="**/?*.kt"/>
    <exclude name="**/?*.clj"/>
    <exclude name="**/?*.aj"/>
  </patternset>
  
  <!-- JDK definitions -->
  
  <property name="jdk.bin.intellij_idea_iu-173.4674.33" value="${jdk.home.intellij_idea_iu-173.4674.33}/../../Java/jdk1.8.0_151/bin"/>
  <path id="jdk.classpath.intellij_idea_iu-173.4674.33">
    <fileset dir="${jdk.home.intellij_idea_iu-173.4674.33}">
      <include name="lib/aether-1.1.0-all.jar"/>
      <include name="lib/aether-dependency-resolver.jar"/>
      <include name="lib/alloy.jar"/>
      <include name="lib/annotations.jar"/>
      <include name="lib/asm-5.0.3.jar"/>
      <include name="lib/asm-all.jar"/>
      <include name="lib/asm-analysis-5.0.3.jar"/>
      <include name="lib/asm-tree-5.0.3.jar"/>
      <include name="lib/automaton.jar"/>
      <include name="lib/batik-all.jar"/>
      <include name="lib/bcprov-jdk15on-155.jar"/>
      <include name="lib/boot.jar"/>
      <include name="lib/bootstrap.jar"/>
      <include name="lib/cglib-nodep-3.2.4.jar"/>
      <include name="lib/cli-parser-1.1.jar"/>
      <include name="lib/clojure-1.8.0.jar"/>
      <include name="lib/clojure-jsr223-1.5.1.jar"/>
      <include name="lib/cloud-config-client.jar"/>
      <include name="lib/common-image-3.2.1.jar"/>
      <include name="lib/common-io-3.2.1.jar"/>
      <include name="lib/common-lang-3.2.1.jar"/>
      <include name="lib/commons-codec-1.9.jar"/>
      <include name="lib/commons-compress-1.10.jar"/>
      <include name="lib/commons-httpclient-3.1-patched.jar"/>
      <include name="lib/commons-imaging-1.0-RC.jar"/>
      <include name="lib/commons-logging-1.2.jar"/>
      <include name="lib/commons-net-3.3.jar"/>
      <include name="lib/constraint-layout.jar"/>
      <include name="lib/coverage-agent.jar"/>
      <include name="lib/coverage-instrumenter.jar"/>
      <include name="lib/coverage-util.jar"/>
      <include name="lib/ecj-4.7.2.jar"/>
      <include name="lib/eddsa-0.2.0.jar"/>
      <include name="lib/extensions.jar"/>
      <include name="lib/external-system-rt.jar"/>
      <include name="lib/fest-assert-1.5.0-SNAPSHOT.jar"/>
      <include name="lib/fest-reflect-2.0-SNAPSHOT.jar"/>
      <include name="lib/fest-swing-1.4.1-SNAPSHOT.jar"/>
      <include name="lib/fest-util-1.3.0-SNAPSHOT.jar"/>
      <include name="lib/fluent-hc-4.5.2.jar"/>
      <include name="lib/forms_rt.jar"/>
      <include name="lib/google-analytics-library.jar"/>
      <include name="lib/groovy-all-2.4.12.jar"/>
      <include name="lib/gson-2.8.2.jar"/>
      <include name="lib/guava-21.0.jar"/>
      <include name="lib/hamcrest-core-1.3.jar"/>
      <include name="lib/httpclient-4.5.2.jar"/>
      <include name="lib/httpcore-4.4.5.jar"/>
      <include name="lib/httpmime-4.5.2.jar"/>
      <include name="lib/icons.jar"/>
      <include name="lib/idea-jsp-openapi.jar"/>
      <include name="lib/idea.jar"/>
      <include name="lib/ideax.jar"/>
      <include name="lib/idea_rt.jar"/>
      <include name="lib/imageio-core-3.2.1.jar"/>
      <include name="lib/imageio-metadata-3.2.1.jar"/>
      <include name="lib/imageio-tiff-3.2.1.jar"/>
      <include name="lib/imgscalr-lib-4.2.jar"/>
      <include name="lib/ini4j-0.5.2-patched.jar"/>
      <include name="lib/isorelax.jar"/>
      <include name="lib/jasper21_rt.jar"/>
      <include name="lib/jasper2_rt.jar"/>
      <include name="lib/javac2.jar"/>
      <include name="lib/jaxen-1.1.3.jar"/>
      <include name="lib/jayatana-1.2.4.jar"/>
      <include name="lib/jbcrypt-1.0.0.jar"/>
      <include name="lib/jcip-annotations.jar"/>
      <include name="lib/jdkAnnotations.jar"/>
      <include name="lib/jdom.jar"/>
      <include name="lib/jediterm-pty-2.6.jar"/>
      <include name="lib/jettison-1.3.2.jar"/>
      <include name="lib/jgoodies-common-1.2.1.jar"/>
      <include name="lib/jgoodies-forms.jar"/>
      <include name="lib/jgoodies-looks-2.4.2.jar"/>
      <include name="lib/jh.jar"/>
      <include name="lib/jimfs-1.1.jar"/>
      <include name="lib/jing.jar"/>
      <include name="lib/jna-platform.jar"/>
      <include name="lib/jna.jar"/>
      <include name="lib/jps-builders-6.jar"/>
      <include name="lib/jps-builders.jar"/>
      <include name="lib/jps-launcher.jar"/>
      <include name="lib/jps-model.jar"/>
      <include name="lib/jsch-0.1.54.jar"/>
      <include name="lib/jsch.agentproxy.connector-factory.jar"/>
      <include name="lib/jsch.agentproxy.core.jar"/>
      <include name="lib/jsch.agentproxy.jsch.jar"/>
      <include name="lib/jsch.agentproxy.pageant.jar"/>
      <include name="lib/jsch.agentproxy.sshagent.jar"/>
      <include name="lib/jsch.agentproxy.usocket-jna.jar"/>
      <include name="lib/jsch.agentproxy.usocket-nc.jar"/>
      <include name="lib/jshell-frontend.jar"/>
      <include name="lib/jshell-protocol.jar"/>
      <include name="lib/jsp-api.jar"/>
      <include name="lib/jsr173_1.0_api.jar"/>
      <include name="lib/jsr305.jar"/>
      <include name="lib/junit-4.12.jar"/>
      <include name="lib/jzlib-1.1.1.jar"/>
      <include name="lib/kotlin-reflect.jar"/>
      <include name="lib/kotlin-runtime.jar"/>
      <include name="lib/log4j.jar"/>
      <include name="lib/markdown4j-2.2.jar"/>
      <include name="lib/markdownj-core-0.4.2-SNAPSHOT.jar"/>
      <include name="lib/maven-aether-provider-3.3.9-all.jar"/>
      <include name="lib/microba.jar"/>
      <include name="lib/miglayout-core-5.0.jar"/>
      <include name="lib/miglayout-swing-5.0.jar"/>
      <include name="lib/MultithreadedTC-1.01.jar"/>
      <include name="lib/nanoxml-2.2.3.jar"/>
      <include name="lib/nekohtml-1.9.14.jar"/>
      <include name="lib/netty-all-4.1.13.Final.jar"/>
      <include name="lib/openapi.jar"/>
      <include name="lib/optimizedFileManager.jar"/>
      <include name="lib/oromatcher.jar"/>
      <include name="lib/picocontainer.jar"/>
      <include name="lib/protobuf-java-2.5.0.jar"/>
      <include name="lib/proxy-vole-1.0.3.jar"/>
      <include name="lib/pty4j-0.7.1.jar"/>
      <include name="lib/purejavacomm.jar"/>
      <include name="lib/resolver.jar"/>
      <include name="lib/resources.jar"/>
      <include name="lib/resources_en.jar"/>
      <include name="lib/rhino-js-1_7R4.jar"/>
      <include name="lib/rngom-20051226-patched.jar"/>
      <include name="lib/serviceMessages.jar"/>
      <include name="lib/servlet-api.jar"/>
      <include name="lib/slf4j-api-1.7.10.jar"/>
      <include name="lib/slf4j-log4j12-1.7.10.jar"/>
      <include name="lib/snakeyaml-1.17.jar"/>
      <include name="lib/snappy-in-java-0.5.1.jar"/>
      <include name="lib/sqlite-jdbc-3.16.1.jar"/>
      <include name="lib/streamex-0.6.5.jar"/>
      <include name="lib/studio-profiler-grpc-1.0-jarjar.jar"/>
      <include name="lib/swingx-core-1.6.2.jar"/>
      <include name="lib/trang-core.jar"/>
      <include name="lib/trilead-ssh2-build-217-jenkins-11.jar"/>
      <include name="lib/trove4j.jar"/>
      <include name="lib/util.jar"/>
      <include name="lib/velocity.jar"/>
      <include name="lib/wadl-core.jar"/>
      <include name="lib/winp-1.23.jar"/>
      <include name="lib/xbean.jar"/>
      <include name="lib/xercesImpl.jar"/>
      <include name="lib/xml-apis-ext.jar"/>
      <include name="lib/xmlgraphics-commons-1.5.jar"/>
      <include name="lib/xmlrpc-2.0.jar"/>
      <include name="lib/xpp3-1.1.4-min.jar"/>
      <include name="lib/xstream-1.4.8.jar"/>
      <include name="lib/xz-1.5.jar"/>
      <include name="lib/yjp-controller-api-redist.jar"/>
      <include name="plugins/JavaEE/lib/gradle-javaee.jar"/>
      <include name="plugins/JavaEE/lib/IntelliLang-javaee.jar"/>
      <include name="plugins/JavaEE/lib/javaee-jps-plugin.jar"/>
      <include name="plugins/JavaEE/lib/javaee-openapi.jar"/>
      <include name="plugins/JavaEE/lib/resources_en.jar"/>
      <include name="plugins/JavaEE/lib/webDeployment-transport.jar"/>
      <include name="plugins/PersistenceSupport/lib/persistence-openapi.jar"/>
      <include name="plugins/PersistenceSupport/lib/resources_en.jar"/>
      <include name="plugins/DatabaseTools/lib/database-openapi.jar"/>
      <include name="plugins/DatabaseTools/lib/dekaf-single-2.0.0.340.jar"/>
      <include name="plugins/DatabaseTools/lib/resources_en.jar"/>
      <include name="plugins/DatabaseTools/lib/unidecode-0.0.7.jar"/>
      <include name="plugins/CSS/lib/css-openapi.jar"/>
      <include name="plugins/CSS/lib/resources_en.jar"/>
      <include name="plugins/uml/lib/diagram-api.jar"/>
      <include name="plugins/Spring/lib/spring-aop.jar"/>
      <include name="plugins/Spring/lib/spring-api.jar"/>
      <include name="plugins/Spring/lib/spring-eclipse.jar"/>
      <include name="plugins/Spring/lib/spring-graph.jar"/>
      <include name="plugins/Spring/lib/spring-web.jar"/>
      <include name="../../Java/jdk1.8.0_151/jre/lib/charsets.jar"/>
      <include name="../../Java/jdk1.8.0_151/jre/lib/deploy.jar"/>
      <include name="../../Java/jdk1.8.0_151/jre/lib/ext/access-bridge-64.jar"/>
      <include name="../../Java/jdk1.8.0_151/jre/lib/ext/cldrdata.jar"/>
      <include name="../../Java/jdk1.8.0_151/jre/lib/ext/dnsns.jar"/>
      <include name="../../Java/jdk1.8.0_151/jre/lib/ext/jaccess.jar"/>
      <include name="../../Java/jdk1.8.0_151/jre/lib/ext/jfxrt.jar"/>
      <include name="../../Java/jdk1.8.0_151/jre/lib/ext/localedata.jar"/>
      <include name="../../Java/jdk1.8.0_151/jre/lib/ext/nashorn.jar"/>
      <include name="../../Java/jdk1.8.0_151/jre/lib/ext/sunec.jar"/>
      <include name="../../Java/jdk1.8.0_151/jre/lib/ext/sunjce_provider.jar"/>
      <include name="../../Java/jdk1.8.0_151/jre/lib/ext/sunmscapi.jar"/>
      <include name="../../Java/jdk1.8.0_151/jre/lib/ext/sunpkcs11.jar"/>
      <include name="../../Java/jdk1.8.0_151/jre/lib/ext/zipfs.jar"/>
      <include name="../../Java/jdk1.8.0_151/jre/lib/javaws.jar"/>
      <include name="../../Java/jdk1.8.0_151/jre/lib/jce.jar"/>
      <include name="../../Java/jdk1.8.0_151/jre/lib/jfr.jar"/>
      <include name="../../Java/jdk1.8.0_151/jre/lib/jfxswt.jar"/>
      <include name="../../Java/jdk1.8.0_151/jre/lib/jsse.jar"/>
      <include name="../../Java/jdk1.8.0_151/jre/lib/management-agent.jar"/>
      <include name="../../Java/jdk1.8.0_151/jre/lib/plugin.jar"/>
      <include name="../../Java/jdk1.8.0_151/jre/lib/resources.jar"/>
      <include name="../../Java/jdk1.8.0_151/jre/lib/rt.jar"/>
    </fileset>
  </path>
  
  <property name="project.jdk.home" value="${jdk.home.intellij_idea_iu-173.4674.33}"/>
  <property name="project.jdk.bin" value="${jdk.bin.intellij_idea_iu-173.4674.33}"/>
  <property name="project.jdk.classpath" value="jdk.classpath.intellij_idea_iu-173.4674.33"/>
  
  
  <!-- Project Libraries -->
  
  <path id="library.commons-io-1.3.2.classpath">
    <pathelement location="${basedir}/commons-io-1.3.2.jar"/>
    <pathelement location="${basedir}/lib/commons-io-2.4.jar"/>
  </path>
  <!-- Register Custom Compiler Taskdefs -->
  <property name="javac2.home" value="${idea.home}/lib"/>
  <path id="javac2.classpath">
    <pathelement location="${javac2.home}/javac2.jar"/>
    <pathelement location="${javac2.home}/jdom.jar"/>
    <pathelement location="${javac2.home}/asm-all.jar"/>
    <pathelement location="${javac2.home}/jgoodies-forms.jar"/>
  </path>
  <target name="register.custom.compilers">
    <taskdef name="javac2" classname="com.intellij.ant.Javac2" classpathref="javac2.classpath"/>
    <taskdef name="instrumentIdeaExtensions" classname="com.intellij.ant.InstrumentIdeaExtensions" classpathref="javac2.classpath"/>
  </target>
  
  <!-- Modules -->
  
  <import file="${basedir}/module_moogle.xml"/>
  
  <target name="init" description="Build initialization">
    <!-- Perform any build initialization in this target -->
  </target>
  
  <target name="clean" depends="clean.module.moogle" description="cleanup all"/>
  
  <target name="build.modules" depends="init, clean, compile.module.moogle" description="build all modules"/>
  
  <target name="all" depends="build.modules" description="build all"/>
</project>